user_id,avg_daily_sessions,avg_daily_events,avg_unique_apps,avg_night_ratio,avg_session_duration,avg_short_session_ratio,avg_top_app_ratio,avg_entropy,avg_reopening_index,avg_inter_session,std_daily_sessions,max_daily_sessions,days_monitored,escalation_rate,risk_label,risk_name
0,24.1,932.6,9.9,0.1240320267262974,245.17364999977045,0.19040473200476565,0.7147476674584827,0.9916234799783765,0.8314335349089804,33.93929898402631,16.656330128012392,51.0,10,0.8538461538461538,1,MEDIUM
1,22.0,475.25,12.75,0.2351262317278075,349.67973007384774,0.19801375095492743,0.3079959416388516,2.0441254412291823,0.6618910112424263,41.56693121693122,10.392304845413264,37.0,4,0.6923076923076923,1,MEDIUM
2,20.666666666666668,396.6666666666667,11.333333333333334,0.5105475040257649,222.0170634920635,0.20145502645502644,0.33055555555555555,1.789505187820123,0.7363513679303152,48.957352941176474,13.203534880225574,35.0,3,1.0,1,MEDIUM
3,14.4,186.8,7.4,0.22757903584365638,169.5145399698341,0.1636888601594484,0.4662928964265388,1.5169358388758885,0.6838951722968925,88.29707671957672,2.9664793948382653,17.0,5,0.9333333333333333,1,MEDIUM
4,9.0,202.0,4.0,0.2623388125337986,86.66380952380953,0.1380952380952381,0.6511636335903368,0.8812473435729073,0.8240673705379586,127.39725396825398,8.093207028119323,22.0,5,0.367816091954023,2,HIGH
5,37.075,3152.675,14.875,0.22505930685093173,525.6245838630957,0.23477096741906628,0.76591846182573,0.9386658887316262,0.8983251505713185,38.31076548378056,9.751758552783945,59.0,40,0.8491271820448877,2,HIGH
6,27.363636363636363,1295.909090909091,13.575757575757576,0.4027449746572333,464.70613249758185,0.07204081316054212,0.43476557920495984,1.7732002658654573,0.7582942577103023,40.150910929515724,12.451953114416883,47.0,33,0.9104190695886197,1,MEDIUM
7,30.5,3757.0,18.5,0.5029714102152265,641.0520833333333,0.125,0.30650418102407656,2.187099919697462,0.8827139962634529,23.209816919191915,26.16295090390226,49.0,2,1.0,2,HIGH
8,9.0,358.0,11.0,0.7039106145251397,649.1111111111111,0.0,0.6368715083798883,1.3951342770940953,0.8876404494382022,90.71041666666667,0.0,9.0,1,1.0,1,MEDIUM
9,38.857142857142854,2532.714285714286,13.0,0.14975441968299621,219.77091927680164,0.20241225277989985,0.35881801058996204,1.8533520654029914,0.8904946265889782,37.377000519438944,10.205040771249136,51.0,7,1.2698019801980198,1,MEDIUM
10,9.25,42.916666666666664,2.8333333333333335,0.2664437134502924,143.8582782957783,0.14843952343952344,0.6475895755504774,0.760079941676477,0.5412944765049298,48.49259518259518,6.283094200095421,16.0,12,3.625,2,HIGH
11,29.333333333333332,2227.6,8.8,0.22723463076064085,195.26531344073055,0.22251012517605026,0.4156670451111839,1.5728275055368337,0.9380492365547508,45.80615692815107,7.441837970619382,39.0,15,0.8670814479638008,1,MEDIUM
12,18.0,338.2857142857143,12.142857142857142,0.29334320802942243,213.11100221906943,0.208775873985958,0.40621249513051677,1.7610086460729824,0.6634186894793427,54.62840209810319,14.118545723031582,37.0,7,1.2606382978723405,1,MEDIUM
13,25.333333333333332,5900.666666666667,13.666666666666666,0.4110584404420097,502.6824074074074,0.13194444444444445,0.5846421067509449,1.4945089687119912,0.9365544869719483,26.586418951418953,17.03917055884274,45.0,3,1.0,1,MEDIUM
14,11.0,183.0,5.5,0.125,170.28571428571428,0.25,0.5127777777777778,1.2531859786672503,0.9047911547911548,70.8047619047619,5.656854249492381,15.0,2,1.0,1,MEDIUM
15,35.2,830.4,14.4,0.36187808952480316,284.0166736457295,0.2784403456297773,0.24598702708596823,2.2012766342538486,0.7894784969562715,24.533,20.632498636859278,61.0,5,0.9629629629629629,2,HIGH
16,23.5,840.5,11.75,0.38385913591359133,305.06495098039215,0.15522875816993464,0.46212483572096824,1.6361758924621128,0.7439919887352813,29.046782106782107,13.30413469565007,36.0,4,0.9583333333333334,1,MEDIUM
17,25.0,308.0,9.0,0.08374792703150911,205.46153846153848,0.21794871794871795,0.4485265977803291,1.4760052767218266,0.45567729083665337,19.166304347826088,31.11269837220809,47.0,2,1.0,1,MEDIUM
18,35.53333333333333,2908.0666666666666,12.4,0.2414214854407942,339.0220788087484,0.21746265172373225,0.4192870562742043,1.796240980227839,0.9257762631800615,37.82774160260019,13.30341882303013,54.0,15,1.143939393939394,2,HIGH
19,14.5,693.5,13.5,0.08149405772495756,392.8027777777778,0.15555555555555556,0.21258792141644434,2.246426240697244,0.8462351133307722,44.147642543859654,7.7781745930520225,20.0,2,1.0,1,MEDIUM
20,11.75,63.25,5.25,0.3018747724790681,173.61875,0.05,0.44032125955587914,1.3384548340565336,0.6343623481781376,36.31404727095517,9.287087810503355,20.0,4,0.8076923076923077,1,MEDIUM
21,23.133333333333333,154.6,9.2,0.22448210736689683,162.39127042792023,0.2762464300075448,0.36213095191872124,1.7242878160033157,0.5286208832632394,41.968901061632884,13.08688911340914,42.0,15,1.0589171974522293,1,MEDIUM
22,36.75,1279.25,18.25,0.4606093334049153,540.5058531746032,0.17599206349206348,0.40440383062655744,1.8862514564900095,0.848992540133441,34.839379565735946,18.679311193581704,51.0,4,0.48484848484848486,2,HIGH
23,31.5,496.0,11.5,0.007853403141361256,195.2674825174825,0.27097902097902093,0.30638142648699684,1.999154937162848,0.7836769115442279,23.715113146551722,2.1213203435596424,33.0,2,1.0,1,MEDIUM
24,9.8,84.0,3.8,0.20142857142857143,69.66,0.2033333333333333,0.6539530644793803,0.793736780374718,0.37082334132693845,32.13258031442241,8.526429498916881,20.0,5,0.26666666666666666,1,MEDIUM
25,34.333333333333336,5549.0,16.0,0.29779287843498886,312.41397808064477,0.31937065270398607,0.29022237341929413,2.2229101773446915,0.938291500860148,29.211071749887537,6.429100507328638,39.0,3,1.0,2,HIGH
26,27.4,1394.2,10.95,0.09748816919018047,154.08610888899364,0.22362299936653388,0.3065530078488135,1.9853745088623558,0.8896650072527782,41.71386674351639,8.899438184514795,40.0,20,0.8327759197324415,1,MEDIUM
27,14.333333333333334,265.6666666666667,5.666666666666667,0.03242930726374435,103.21376811594205,0.2329988851727982,0.4507888837551551,1.3773420385685295,0.7452099780344055,77.73036975102193,9.504384952922168,24.0,3,1.0,0,LOW
28,28.0,830.0,11.5,0.5624548736462094,324.8888888888889,0.12222222222222222,0.31791270101739416,1.867294629472449,0.8238259280089989,26.159963768115944,26.870057685088806,47.0,2,1.0,1,MEDIUM
29,34.25,954.25,9.5,0.4263178351182149,361.3504370629371,0.05653096903096903,0.5118942263971381,1.4110730335406394,0.8251986525138727,36.44642916568789,8.770214744615247,44.0,4,0.691358024691358,2,HIGH
30,28.0,273.5,9.5,0.11545801526717557,168.77304964539007,0.09574468085106383,0.3629688018586127,1.7179597066512748,0.6047430830039526,23.697916666666664,35.35533905932738,53.0,2,1.0,1,MEDIUM
31,19.635416666666668,165.23958333333334,4.46875,0.07077667108744531,194.39467899326152,0.2592364815967259,0.5341204546244879,1.0866363567846935,0.7176489113308162,60.671225379835874,12.31953501486384,56.0,96,0.892570281124498,0,LOW
32,4.5,118.5,4.0,0.0,151.4206349206349,0.07142857142857142,0.6600274725274725,0.8651231879173521,0.6024976979742174,32.26145833333334,4.123105625617661,9.0,4,0.125,0,LOW
33,23.586206896551722,745.7931034482758,8.655172413793103,0.20711984468170375,195.25448228227876,0.2671882915166343,0.40208507988073083,1.6514805425271244,0.8352382323627958,58.21960006900088,9.937365421835588,42.0,29,1.0679205851619644,1,MEDIUM
34,18.0,147.5,8.5,0.12244897959183673,355.25,0.17142857142857143,0.2379591836734694,1.9393607953639505,0.5327868852459017,37.18944444444445,18.384776310850235,31.0,2,1.0,1,MEDIUM
35,9.333333333333334,52.666666666666664,5.666666666666667,0.09845077461269365,140.7777777777778,0.25,0.38710833262613975,1.450383845578011,0.4627039627039627,148.19883597883597,4.932882862316248,15.0,3,1.0,1,MEDIUM
36,50.857142857142854,1073.5714285714287,12.285714285714286,0.3104609575853074,236.09216674203398,0.30402937948526354,0.309100532462399,1.9264166719824662,0.783315762663369,29.088879581945406,12.212405870378577,63.0,7,1.0419463087248322,2,HIGH
37,14.875,102.91666666666667,6.958333333333333,0.33491074859031283,99.25636005076795,0.2840831500370974,0.44533050568217186,1.4526801184674658,0.7280773305233269,57.424210381794076,9.213942648531885,35.0,24,1.1,1,MEDIUM
38,22.266666666666666,149.6,7.8,0.19929266480775543,152.06802046704362,0.20968338725794033,0.2956817383163263,1.7712079054563685,0.6104160689163035,55.54379776763198,10.484455614089342,39.0,15,1.1267123287671232,1,MEDIUM
39,20.4,449.6,9.8,0.1920091114998896,275.33870091896404,0.0821150097465887,0.3939144242732528,1.5102426777726798,0.5478074480276167,82.9077264957265,14.492910144082327,36.0,10,0.8378378378378379,1,MEDIUM
40,21.0,2200.5,12.0,0.5359625668449198,1313.1375,0.0125,0.5348481477586221,1.6492123463477024,0.9096038490614778,26.999786324786324,26.870057685088806,40.0,2,1.0,1,MEDIUM
41,19.6,242.0,7.3,0.1986770584455121,246.28868509731888,0.1391694959057388,0.5175711864475079,1.2738363364594922,0.800437194973119,41.809313221500716,9.709102258533827,33.0,10,2.0153846153846153,2,HIGH
42,12.75,138.5,5.75,0.37622276897490725,126.89698879551821,0.16365546218487395,0.4650439175341171,1.2800770437192475,0.8044951828111597,86.0544471153846,4.193248541803041,17.0,4,0.8888888888888888,1,MEDIUM
43,30.666666666666668,2149.0,10.333333333333334,0.5189832432507424,395.87293992557153,0.17862838915470491,0.2690282920444416,1.8619376835340686,0.7138666228555687,34.80181051587302,27.574142476844738,57.0,3,1.0,2,HIGH
44,17.0,906.75,10.5,0.46875167964863673,350.17082542694493,0.025,0.345210549453432,1.8178503116731233,0.8713661556691052,48.92867476851851,9.899494936611665,31.0,4,1.5185185185185186,2,HIGH
45,13.0,1300.0,7.0,0.2664378470106947,156.75864661654134,0.18496240601503758,0.5032383087128691,1.3064011063323164,0.9284959725722379,91.7579358974359,7.3824115301167,21.0,5,0.5714285714285714,1,MEDIUM
46,26.0,3130.0,16.5,0.11516071880536573,363.8484848484849,0.1507177033492823,0.40041789531110805,2.0441990645882546,0.9218426645136742,25.11287615740741,9.899494936611665,33.0,2,1.0,1,MEDIUM
47,14.0,458.0,9.0,0.5205282802182026,885.7420178799489,0.10600255427841636,0.38959613719915637,1.7690679035128756,0.7204589342207979,38.08120370370371,15.132745950421556,31.0,3,1.0,1,MEDIUM
48,23.5,1165.5,10.5,0.009854771784232365,301.42857142857144,0.15357142857142858,0.6493531398329953,1.2694562160052665,0.8950092504094215,20.778587344028523,16.263455967290593,35.0,2,1.0,1,MEDIUM
49,40.0,926.5,13.5,0.19900497512437812,304.21677559912854,0.1437908496732026,0.4926569980287243,1.6144611976756376,0.6064608824619948,21.004967948717947,18.384776310850235,53.0,2,1.0,2,HIGH
50,32.19047619047619,2644.9523809523807,9.952380952380953,0.22244593083181524,202.2946938889584,0.29524602944086215,0.46137869383682845,1.4328829288641625,0.8726381739797802,46.66226907460311,8.394158966918887,47.0,21,0.9253731343283582,2,HIGH
51,5.333333333333333,96.66666666666667,4.0,0.37969030629581085,173.67857142857142,0.047619047619047616,0.5770108247172467,1.0087771124832576,0.8293892269551498,144.7201851851852,2.081665999466133,7.0,3,1.0,1,MEDIUM
52,11.166666666666666,162.33333333333334,7.333333333333333,0.143284259144707,231.55102564102563,0.26085470085470086,0.4930319493964584,1.4350495374155203,0.6733031674208144,142.70378991060025,10.028293307770104,30.0,6,0.5227272727272728,1,MEDIUM
53,2.0,12.25,3.5,0.0,140.75,0.08333333333333333,0.5284090909090909,1.054208973391754,0.19047619047619047,39.791666666666664,1.4142135623730951,4.0,4,0.6,0,LOW
54,30.428571428571427,812.4285714285714,14.571428571428571,0.25688948338906364,327.35249195249196,0.1489197893609658,0.27616557690971044,2.064144840978457,0.7640158362314813,44.678004462376414,20.337626400813043,54.0,7,0.6637168141592921,2,HIGH
55,19.75,342.25,12.5,0.1471075307423032,342.13690476190476,0.07738095238095238,0.33030905378519915,1.9334261985327363,0.7017949809918216,48.468535097597595,14.773286702694158,38.0,4,0.25396825396825395,1,MEDIUM
56,9.0,1259.0,5.5,0.0,302.72222222222223,0.3888888888888889,0.8882447447708947,0.5006099207424145,0.9787100804712252,35.00729166666666,0.0,9.0,2,1.0,1,MEDIUM
57,21.5,377.0,12.0,0.28809523809523807,336.2402597402598,0.08116883116883117,0.23535539215686274,2.123210455573156,0.5279943302622254,36.86485416666667,6.363961030678928,26.0,2,1.0,1,MEDIUM
58,9.333333333333334,148.38095238095238,4.857142857142857,0.16492051876316421,110.99393906358193,0.45732587518301804,0.47263895703674497,1.2121584706157917,0.6319989479772733,117.05700115147069,5.867992274477986,22.0,21,0.6269592476489029,1,MEDIUM
59,19.5,7464.0,15.0,0.2857142857142857,941.0528571428572,0.20285714285714285,0.418778623640359,1.8136133002876087,0.9268282767546758,45.04431089743589,7.7781745930520225,25.0,2,1.0,1,MEDIUM
60,14.411764705882353,328.2352941176471,7.823529411764706,0.666024781481992,355.2360470748014,0.15045661758464526,0.6081884771317492,1.1739962267500683,0.8284597797478136,77.58464973292692,5.690549441062477,23.0,17,1.1851851851851851,1,MEDIUM
61,31.727272727272727,3955.090909090909,12.636363636363637,0.2950548620532965,724.990187038376,0.057571095183671976,0.4371259486454493,1.639167694705849,0.8295071431737678,54.02271315191172,14.471288187932055,47.0,11,1.1317567567567568,2,HIGH
62,8.428571428571429,225.14285714285714,6.0,0.09945914648106438,274.94761904761907,0.24761904761904763,0.4905624404357424,1.2909492241677463,0.7245984773772606,142.92930117501547,3.2071349029490928,12.0,7,1.02,1,MEDIUM
63,15.0,239.4,9.6,0.015209328258708882,123.77529411764706,0.10196078431372549,0.28746984478561644,1.7593944207110055,0.5936402586963415,42.25301343813388,10.8397416943394,30.0,5,2.111111111111111,1,MEDIUM
64,39.61538461538461,2764.923076923077,13.615384615384615,0.362140130499007,410.01974907505985,0.19580049147421352,0.46334965149838186,1.5339657992538773,0.8901313206069208,26.583539373840797,15.267276888487467,61.0,13,0.9372822299651569,2,HIGH
65,3.0,186.0,2.0,0.9623655913978495,400.5,0.0,0.989247311827957,0.05943229865313004,0.978494623655914,682.1666666666666,0.0,3.0,1,1.0,2,HIGH
66,12.5,403.5,10.0,0.5146341463414634,641.4782608695652,0.1956521739130435,0.2611280487804878,1.9442726289818526,0.8646399456521738,40.03371212121211,14.849242404917497,23.0,2,1.0,1,MEDIUM
67,44.84615384615385,2507.4615384615386,14.692307692307692,0.36250613758850814,339.59985043935365,0.273545079594435,0.3664682398466326,1.8975443246795807,0.8437965420261933,25.277809035825747,17.155398343019968,61.0,13,0.6525679758308157,2,HIGH
68,27.846153846153847,9649.23076923077,16.53846153846154,0.03048437473739368,501.09322311605746,0.2872170671015429,0.5545762096390426,1.5339273067942547,0.9425320701299719,40.685127400399594,9.779622980515438,39.0,13,1.157699443413729,1,MEDIUM
69,21.5,1405.5,11.0,0.29822834645669294,260.76195652173914,0.358695652173913,0.4325364135323906,1.6344474103104787,0.9418555605233632,31.924780701754386,2.1213203435596424,23.0,2,1.0,1,MEDIUM
70,29.666666666666668,654.3333333333334,9.333333333333334,0.32263473766004047,175.70219033955047,0.2559923481587757,0.40614876418557017,1.6197532379118982,0.8064432203323385,40.44924663299664,9.865765724632496,41.0,3,1.0,1,MEDIUM
71,43.588235294117645,7097.941176470588,14.588235294117647,0.2910413277562288,580.0308313004215,0.12336591028757746,0.525054587327802,1.4574185590875575,0.9313480392037827,30.680288836348414,12.782110660652899,55.0,17,1.0483660130718955,2,HIGH
72,15.5,464.0,10.0,0.03341584158415842,232.93846153846155,0.07692307692307693,0.42136963696369634,1.6249571820021256,0.876979093258163,30.491416666666666,14.849242404917497,26.0,2,1.0,0,LOW
73,18.166666666666668,587.5,8.5,0.23087491241093863,320.593776106934,0.28270676691729324,0.5283105576590067,1.4100522532572917,0.7362478550262076,56.45429955636217,9.806460455570432,30.0,6,0.7580645161290321,1,MEDIUM
74,40.4,6659.7,16.6,0.3264866895149128,376.2251143040047,0.20209545778774402,0.2809469676023468,2.132289170479956,0.9044010262048945,31.079608742501364,19.368932741778924,76.0,10,1.5093167701863353,2,HIGH
75,31.5,555.0,16.5,0.37687366167023556,256.3816091954023,0.22126436781609193,0.2989666345856048,2.013915231275691,0.5622530264065734,22.724713261648745,0.7071067811865476,32.0,2,1.0,2,HIGH
76,9.5,145.0,4.0,0.26217228464419473,124.49230769230769,0.45384615384615384,0.5725451880801172,1.0137508814411897,0.9341085271317829,77.84444444444443,4.949747468305833,13.0,2,1.0,1,MEDIUM
77,7.75,231.5,3.0,0.0,244.64166666666668,0.3625,0.7387575933703315,0.644566835001944,0.8595631403916099,30.672120295698925,10.138328969101087,32.0,8,0.2916666666666667,1,MEDIUM
78,17.714285714285715,752.7142857142857,9.142857142857142,0.15022486968975976,324.86654881250746,0.1429963798384851,0.44744932564285583,1.5153551343243687,0.8303619424447682,49.90090088813303,6.447590912226719,29.0,7,1.0047169811320753,1,MEDIUM
79,34.78947368421053,1041.0526315789473,13.894736842105264,0.22740174797664664,253.764486846128,0.1801374892508732,0.42077618389285837,1.7823773664522704,0.8303116674120682,39.80269604598326,11.554599600584375,52.0,19,0.9082066869300912,2,HIGH
80,32.5,2498.25,9.25,0.2231178491335874,345.76784765188125,0.1684401965914571,0.7417738017060675,0.9824078777525986,0.9319729861396528,26.79285300925926,17.406895185529212,49.0,4,1.096774193548387,2,HIGH
81,12.0,106.75,5.0,0.0037313432835820895,203.29861111111111,0.07575757575757575,0.5355177718929217,1.1289029857086699,0.5907446311858077,36.99237163299664,8.679477710861024,23.0,4,0.92,0,LOW
82,27.384615384615383,658.0,7.3076923076923075,0.5604113482871347,448.9160054276984,0.19439421039134094,0.5224904501421211,1.2940791312866093,0.8156194309317559,27.958785412286197,19.03741255851427,55.0,13,0.5822102425876011,1,MEDIUM
83,19.25,564.5714285714286,7.535714285714286,0.4315855029785567,456.87083078651034,0.08691091326252916,0.7661155119287318,0.750028275622841,0.9341947836160335,50.599074431970095,11.24351665034862,43.0,28,0.9528985507246376,2,HIGH
84,3.388888888888889,35.02777777777778,3.638888888888889,0.2510300280492761,128.9325176366843,0.16862874779541445,0.667219880250164,0.7971614105245671,0.566665100430217,126.13964899041288,3.0357656391548105,14.0,36,0.8484848484848485,2,HIGH
85,26.5,233.0,9.0,0.173841059602649,161.90666666666667,0.36833333333333335,0.538765950573413,1.4670731733175364,0.733432577794852,23.51078431372549,12.020815280171307,35.0,2,1.0,1,MEDIUM
86,3.0,88.0,4.0,0.5,494.58333333333337,0.0,0.43746205221615053,1.2564597678701104,0.7602564102564102,50.90833333333333,0.0,3.0,2,1.0,1,MEDIUM
87,16.7,571.8,11.8,0.31272228717056505,270.80783559577674,0.2280502765208648,0.42197115293482546,1.729056696687341,0.8407038147186461,81.88264590856451,6.929005059249929,25.0,10,1.0365853658536586,1,MEDIUM
88,4.0,225.0,5.0,1.0,915.5,0.0,0.6133333333333333,0.9393134712029365,0.9285714285714286,31.166666666666668,0.0,4.0,1,1.0,2,HIGH
89,3.0,24.714285714285715,3.2857142857142856,0.07142857142857142,123.42857142857143,0.21428571428571427,0.5785035505430242,0.9560877487923924,0.38335478335478335,24.999285714285712,2.516611478423583,6.0,7,1.21875,1,MEDIUM
90,20.0,328.5,12.0,0.5,184.3,0.016666666666666666,0.36603860294117646,1.8100290917033233,0.37282229965156793,100.35765765765765,25.45584412271571,38.0,2,1.0,1,MEDIUM
91,31.0,1429.9166666666667,13.0,0.32075127825646893,352.94920450189716,0.17756089872365277,0.45513659075476914,1.5356266761297634,0.8673778713997655,40.32203219937167,9.175065023301915,43.0,12,0.9578947368421052,2,HIGH
92,20.333333333333332,974.0,11.666666666666666,0.34008092948148777,213.0988019732206,0.18224101479915433,0.34302651413382845,1.9720910659427389,0.7440864171447968,44.47969576719577,20.033305601755625,43.0,3,1.0,1,MEDIUM
93,30.5,2465.75,16.0,0.21676158517511704,206.80474750384025,0.16881290928935241,0.25077919872646787,2.308042555632923,0.9172255532024736,34.85603046594982,7.047458170621991,38.0,4,0.9365079365079365,2,HIGH
94,29.333333333333332,1276.6666666666667,15.333333333333334,0.20099133047040474,302.0354568854569,0.16917631917631917,0.3119081278918009,2.1261023826169456,0.832713256922267,38.123143891017456,8.020806277010642,37.0,3,1.0,1,MEDIUM
95,7.0,84.0,3.0,0.38095238095238093,87.66666666666667,0.3333333333333333,0.5238095238095238,0.9597916051265445,0.8048780487804879,122.66388888888889,0.0,7.0,1,1.0,2,HIGH
96,7.909090909090909,62.27272727272727,4.363636363636363,0.36360908344081905,159.04683195592287,0.20161845730027547,0.5491597683691242,1.0911339489115672,0.6785384822425814,95.62465105601468,5.3189199177003115,20.0,11,0.4613095238095239,1,MEDIUM
97,2.0,21.928571428571427,2.142857142857143,0.0,106.31972789115646,0.48299319727891155,0.7502076106380742,0.5182547196318011,0.48224967018070464,14.07777777777778,1.9611613513818404,7.0,14,2.111111111111111,2,HIGH
98,7.0,20.0,3.0,0.08333333333333333,47.6875,0.0625,0.6547619047619048,0.8325139661598301,0.7461538461538462,234.86416666666665,5.656854249492381,11.0,2,1.0,1,MEDIUM
99,33.0,428.5,12.0,0.38223903017182587,295.61185064935063,0.10367965367965366,0.3935689588932636,1.7361458528978855,0.6991433893340941,27.178156767795002,21.12818023399081,50.0,6,0.4244604316546763,2,HIGH
100,2.0,36.25,2.5,0.0,62.625,0.6875,0.7463330457290768,0.5328400232514596,0.6851648351648352,70.25833333333333,1.4142135623730951,4.0,4,0.3333333333333333,2,HIGH
101,9.5,230.5,7.5,0.13243243243243244,185.00641025641028,0.19871794871794873,0.3605880605880606,1.6334674832617677,0.8422647527910685,67.88111111111111,4.949747468305833,13.0,2,1.0,1,MEDIUM
102,38.75,1468.625,13.125,0.24047106233575172,291.73781961159057,0.16205111545743578,0.4120488235739146,1.7565248173727686,0.8383191830549744,34.24989362585795,15.8000904156545,63.0,8,0.6577540106951871,2,HIGH
103,20.5,574.0,8.5,0.5,343.2509090909091,0.08545454545454545,0.32490466624162445,1.7260057018313073,0.6878623314940281,25.29528571428572,7.7781745930520225,26.0,2,1.0,1,MEDIUM
104,38.666666666666664,1771.75,11.333333333333334,0.1974096913443363,253.79135719187218,0.11680939723127166,0.3026608157196465,1.965312536980858,0.7880946012756684,34.00868178284944,11.507573263909402,52.0,12,1.3199999999999998,2,HIGH
105,23.5,884.0,13.5,0.315884476534296,518.3659003831417,0.19731800766283525,0.3843780767968493,1.731321190454805,0.747643465112309,30.46293767507003,7.7781745930520225,29.0,2,1.0,1,MEDIUM
106,25.0,2646.0,9.5,0.17625607779578606,467.3913043478261,0.16847826086956522,0.37715454446123864,1.683732833598508,0.9321056513602644,21.351851851851855,29.698484809834994,46.0,2,1.0,1,MEDIUM
107,34.0,473.77777777777777,11.11111111111111,0.3917207833118636,237.52481213097155,0.24337700678280388,0.33951181769776095,1.9017434931471913,0.7307977225697215,31.172776178818967,14.781745499094482,48.0,9,0.7204968944099379,2,HIGH
108,29.833333333333332,5292.833333333333,13.666666666666666,0.29808168734710466,514.172319504877,0.059096334185848254,0.5005568451735825,1.4775957174695133,0.8566738222879771,34.24920496313004,19.11456687101925,50.0,6,1.5571428571428574,2,HIGH
109,8.38888888888889,68.88888888888889,4.388888888888889,0.2694838012917111,236.33710840816104,0.12450798064833152,0.6035684262107747,1.0068514427656534,0.7003839635591516,41.01751682446858,7.4291863927025235,22.0,18,1.903846153846154,2,HIGH
110,2.9565217391304346,22.08695652173913,2.0869565217391304,0.07189284145805885,46.06150950498777,0.299317711274233,0.7132002136349962,0.5486881404816105,0.6162491518549814,69.39839544513457,2.9615453716163618,13.0,23,0.9722222222222222,0,LOW
111,16.666666666666668,1110.6666666666667,10.333333333333334,0.43329097081759654,469.34588744588746,0.10822510822510822,0.4503733363865618,1.4895605796303872,0.8397321916404433,107.48523965141612,16.258331197676267,35.0,3,1.0,1,MEDIUM
112,42.74193548387097,4560.8387096774195,19.322580645161292,0.2973040465643615,526.8523998313316,0.11061262709062314,0.33890417501452674,2.094352554034575,0.7889996989808781,32.326191312288934,11.021094143914762,61.0,31,1.075769854132901,2,HIGH
113,4.5,83.5,5.0,0.05067567567567568,208.375,0.125,0.5819701280227596,1.0270307605900981,0.7454728370221329,95.01388888888889,3.5355339059327378,7.0,2,1.0,0,LOW
114,8.56,179.0,7.0,0.4135633639547563,172.5375836940837,0.44397186147186146,0.6077197083770912,1.123713781043714,0.6275650008425682,95.16203084858611,5.493025881363871,23.0,25,1.1783960720130933,1,MEDIUM
115,47.68181818181818,3335.8636363636365,16.181818181818183,0.20490840532711777,401.04387399854136,0.23221343852554527,0.29208252482801184,2.0762517560166325,0.8102250376831092,29.164886142467694,12.280012267856304,69.0,22,1.1899791231732777,2,HIGH
116,48.23809523809524,7440.238095238095,15.0,0.20819367957437354,553.7396059916412,0.08574701245491027,0.4837267868108202,1.5632561328123455,0.9099745438231979,27.706043436088926,12.032891431010095,66.0,21,0.9144914491449144,2,HIGH
117,10.5,125.0,4.5,0.7483221476510067,223.55714285714285,0.2785714285714286,0.6055219615921323,1.0029077880885293,0.786403750689465,52.90902777777777,7.7781745930520225,16.0,2,1.0,1,MEDIUM
118,13.0,412.5,13.0,0.3319027181688126,606.6818181818182,0.17045454545454547,0.40091286872402754,1.7447319733559525,0.8185342388228636,46.22777777777779,12.727922061357855,22.0,2,1.0,1,MEDIUM
119,32.4,924.3,14.15,0.06932861892255672,274.43409737539884,0.1395282274956032,0.3250984885406705,1.9783701594992356,0.7001550824316684,31.31430332638346,11.440463737380394,47.0,20,0.9938461538461537,1,MEDIUM
120,31.0,298.0,13.0,0.1610738255033557,263.5833333333333,0.125,0.4228187919463087,1.932195039508243,0.6756756756756757,40.61666666666667,0.0,31.0,1,1.0,2,HIGH
121,19.666666666666668,1064.0,10.333333333333334,0.21531537365736284,541.6031746031746,0.14829931972789115,0.5405203992119377,1.427595861148214,0.8620978270169716,34.821157407407405,25.423086620891127,49.0,3,1.0,1,MEDIUM
122,4.5,60.642857142857146,3.142857142857143,0.2829772412397453,103.08673469387756,0.353265306122449,0.6666950969173918,0.7243099961820219,0.5292031460878951,76.12483333333333,6.489636709045015,26.0,14,2.9375,2,HIGH
123,5.0,60.0,4.0,0.0,155.92857142857144,0.2857142857142857,0.4151846785225718,1.2370663471982515,0.6217948717948718,35.666666666666664,2.8284271247461903,7.0,2,1.0,0,LOW
124,41.0,973.0,13.666666666666666,0.34804969981215245,486.1603593161403,0.1736050742135935,0.3523324070549942,1.9446135025777462,0.7550584947949318,29.348474582425567,8.717797887081348,51.0,3,1.0,2,HIGH
125,17.681818181818183,372.40909090909093,9.636363636363637,0.21771252184948534,169.66583221110236,0.26747136404037564,0.41788326974845463,1.6072685100039095,0.8371373132559985,58.84020654251692,8.481836973295257,31.0,22,0.8792270531400967,1,MEDIUM
126,15.5,472.5,14.5,0.10813823857302118,180.08333333333334,0.3416666666666667,0.29323439241917504,1.9321030408594133,0.7231756928553268,52.351018518518515,7.7781745930520225,21.0,2,1.0,1,MEDIUM
127,38.0,1409.5,12.5,0.3250281169160291,309.838141025641,0.19911858974358976,0.44047537324276426,1.7200480837433005,0.8335349462365591,31.377283272283265,2.8284271247461903,40.0,2,1.0,2,HIGH
128,18.23076923076923,876.3076923076923,9.0,0.25457210189692603,247.59773788084826,0.22768274089344323,0.5938041657427602,1.240555961947925,0.7407972192506004,86.72298866013362,18.516451451586896,47.0,13,0.29055690072639223,1,MEDIUM
129,22.0,1981.25,14.0,0.04917368585527511,453.726441375969,0.07899305555555555,0.35730954831402506,1.864242207282913,0.6370808912567375,51.00750208013313,18.565200420859092,43.0,4,1.4444444444444444,1,MEDIUM
130,38.666666666666664,1415.6666666666667,15.0,0.15370097936613303,209.2729426869448,0.3754472419685255,0.4319546768335661,1.7491529027501775,0.8815799045581078,38.20127867606411,26.350205565295564,68.0,3,1.0,2,HIGH
131,24.46153846153846,1710.7692307692307,14.153846153846153,0.23250977470465747,543.3927539839374,0.09901911214480735,0.3848336658804768,1.9331606997957875,0.8013836270970176,56.41349842138575,8.047933322861885,33.0,13,0.8048780487804879,1,MEDIUM
132,4.666666666666667,65.33333333333333,4.333333333333333,0.06989247311827958,111.47222222222223,0.27777777777777773,0.3999633809381138,1.2596095474436992,0.8045977011494253,212.55805555555557,1.5275252316519465,6.0,3,1.0,0,LOW
133,25.53846153846154,1172.3846153846155,11.153846153846153,0.3102520324226724,272.61583816092656,0.1752117515730358,0.47192212567765635,1.590203863160227,0.7772627186025532,41.19709430342851,12.217578760508596,40.0,13,1.853061224489796,2,HIGH
134,7.0,41.0,5.0,1.0,214.33333333333334,0.16666666666666666,0.3170731707317073,1.442339281826359,0.5789473684210527,24.938888888888886,0.0,7.0,1,1.0,1,MEDIUM
135,43.333333333333336,2557.0,15.666666666666666,0.1532441212215999,367.5334110334111,0.1458818958818959,0.3429486920514176,2.028310774251724,0.7422114892754766,20.799808187455245,28.0237994093116,66.0,3,1.0,2,HIGH
136,15.666666666666666,599.8888888888889,8.222222222222221,0.07820720247207642,499.14919397051744,0.098059085068889,0.532104546733078,1.2632508980746562,0.804162563189189,52.42281597863488,9.548637106322309,30.0,18,1.1860465116279069,1,MEDIUM
137,51.27272727272727,4520.590909090909,16.863636363636363,0.304295669257268,507.79080632125584,0.25724452091874583,0.3396545966845629,1.9395681510795102,0.8580022890640886,27.345606840044216,14.832980685530336,81.0,22,1.065934065934066,2,HIGH
138,41.11904761904762,842.9761904761905,17.238095238095237,0.32809035411902737,426.86016559743763,0.12987770272351815,0.2865584866004685,2.167974164420161,0.66388535762447,31.471284122243016,18.898722556980253,80.0,126,0.9934590227010388,2,HIGH
139,36.25806451612903,613.4516129032259,10.0,0.32812085406386593,205.83986776278257,0.40080814411118204,0.2905757698262979,1.9167760353363852,0.6575558082929269,41.339768712620334,16.087195201848136,68.0,31,0.5743364418938307,2,HIGH
140,36.0,953.6666666666666,13.285714285714286,0.1757134750286196,330.5750923374477,0.21101098128167645,0.3298877390550105,1.9704072682724194,0.7194068353493157,33.27646145412386,17.026450011673013,62.0,21,0.546995377503852,2,HIGH
141,27.0,376.0,13.0,0.48404255319148937,582.6521739130435,0.0,0.4920212765957447,1.5524215002825361,0.7659574468085106,37.70192307692308,0.0,27.0,1,1.0,1,MEDIUM
142,18.25,319.5,10.5,0.3891673556566074,385.01807576807573,0.04804804804804805,0.4993425757158188,1.4297777477769449,0.7846413452951257,44.49857060185185,15.945218719101975,41.0,4,0.43137254901960786,1,MEDIUM
143,16.666666666666668,405.0,8.666666666666666,0.0,193.5757575757576,0.27020202020202017,0.4684397567712229,1.5655018794352722,0.5789760348583878,32.0297138047138,12.741009902410928,25.0,3,1.0,0,LOW
144,17.25,174.0,6.875,0.3745658516811923,141.20664682539683,0.3702876984126984,0.47087751556630436,1.3743705301221691,0.78587855794907,61.752023184126934,8.08437646681195,30.0,8,0.7468354430379747,1,MEDIUM
145,16.333333333333332,575.6666666666666,9.333333333333334,0.2068107307366648,291.31884920634917,0.11428571428571428,0.27987757091336074,1.880694669860433,0.8435656693323083,89.8948611111111,5.033222956847166,21.0,3,1.0,1,MEDIUM
146,19.0,3203.0,12.0,0.39089645587213345,419.0352564102564,0.19230769230769232,0.6293959847084536,1.4046019798444873,0.9721497090804407,38.01733333333333,9.899494936611665,26.0,2,1.0,1,MEDIUM
147,24.6,7988.2,16.3,0.28626487327434924,452.3404714180653,0.09898171169769773,0.40384564554515096,1.9981644533448701,0.8167182510101441,46.424432526740645,13.243027515556168,41.0,10,1.4356435643564356,2,HIGH
148,25.166666666666668,2950.8333333333335,11.0,0.22080552812627122,298.30211763363155,0.031071213489912677,0.3685042338065057,1.7503736886181158,0.8608217213837773,39.64874605718356,11.426577206962138,41.0,6,0.7764705882352941,1,MEDIUM
149,17.2,1086.2,9.0,0.3100104223024296,614.8848512585812,0.17911517925247905,0.7791702611737032,0.7339842090980838,0.8747171585235094,37.825650966183574,13.255187663703596,31.0,5,1.0707070707070707,2,HIGH
150,37.0,926.6666666666666,10.0,0.24878050453117562,298.5438975335108,0.21289619129491674,0.6893043736589459,1.10005589846747,0.8851553280277064,38.824188884992246,17.13051503763227,68.0,12,0.982142857142857,2,HIGH
151,49.8,7157.4,15.866666666666667,0.3135203088025168,523.7110163528463,0.09743015389413429,0.3024636241071684,1.9479638293079555,0.8744819950323472,27.06743047081066,15.48363191059698,65.0,15,1.0032327586206897,2,HIGH
152,16.22222222222222,118.11111111111111,5.777777777777778,0.33251510352091534,174.9021117608837,0.0860461338531514,0.5196574621239702,1.22978728150215,0.7235666111229789,53.431853318212326,7.644896627453143,24.0,9,0.5904761904761905,1,MEDIUM
153,18.0,750.0,7.0,0.33452868852459017,268.3055555555556,0.1313131313131313,0.5369866290358094,1.2582284732061675,0.875567199019262,22.333462532299745,22.60530911091463,44.0,3,1.0,1,MEDIUM
154,32.67567567567568,2011.4054054054054,13.162162162162161,0.267498947449595,529.7126715686046,0.13055490077659593,0.2901597688471193,1.9220760806453852,0.7946772468908211,37.065667743111334,10.29847360333358,48.0,37,0.9029844400986312,2,HIGH
155,18.0,259.5,7.5,0.045542635658914726,169.01724137931035,0.5172413793103449,0.44961240310077516,1.3738595976941135,0.27802690582959644,18.939950980392155,24.041630560342615,35.0,2,1.0,1,MEDIUM
156,13.333333333333334,734.6666666666666,6.666666666666667,0.29871441689623507,335.9308807134894,0.09810479375696768,0.38609635314180774,1.4917199513813906,0.8381489311721869,51.4814935064935,10.598742063723098,23.0,3,1.0,1,MEDIUM
157,1.0,17.0,2.5,0.0,317.0,0.0,0.710344827586207,0.6398397720714444,0.9230769230769231,0.0,0.0,1.0,2,1.0,0,LOW
158,21.75,2854.75,14.25,0.3000576569059387,522.3596311734243,0.15617342427687256,0.3381375535909822,1.9618563411663228,0.833994550042464,58.825670371295374,6.18465843842649,29.0,4,0.74,1,MEDIUM
159,5.75,90.75,6.25,0.2710843373493976,276.7444444444444,0.05,0.4706659973226238,1.3912769120747406,0.6586435601198117,82.9603125,2.8722813232690143,9.0,4,0.9166666666666666,1,MEDIUM
160,41.63157894736842,2591.4210526315787,10.052631578947368,0.28570375654084307,338.74519301856975,0.2278759863331109,0.44333454240379144,1.6090250350737982,0.9228049642134483,33.718929499210205,12.508710415438914,59.0,19,1.07202216066482,2,HIGH
161,35.2,1829.6,12.6,0.09275458364844051,434.952874962221,0.17675631449419282,0.5795406786449471,1.4424242853025355,0.8498764065761695,32.45692145128773,18.403803954617644,53.0,5,1.5061728395061726,2,HIGH
162,27.6,1579.3,10.2,0.4289500436817919,339.68825119996797,0.1865813325012368,0.5100551064270497,1.4812728663009982,0.8300830068781426,36.67705626030607,14.594158889234095,55.0,20,0.7635782747603833,1,MEDIUM
163,12.5,151.0,10.666666666666666,0.5480463493859221,253.13580586080585,0.09615384615384615,0.41334462961530516,1.737749437904819,0.7041034423254132,55.24876264714974,10.425929215182693,32.0,6,0.7857142857142857,1,MEDIUM
164,10.5,190.5,6.357142857142857,0.41100885884455524,151.70720935810223,0.19596633525204954,0.4777132625349641,1.3470887751033165,0.7614338985379602,88.6102174205674,5.501747973983429,20.0,14,0.9342105263157894,1,MEDIUM
165,24.8,2285.0,8.4,0.3093821442437687,384.0889785556768,0.12740909790245653,0.4331263422644763,1.5163160792897823,0.8495486719238545,50.016048340548345,12.949903474543738,37.0,5,1.452991452991453,2,HIGH
166,17.333333333333332,79.0,2.3333333333333335,0.19577127204245848,105.06196581196582,0.09401709401709402,0.8933401814757748,0.32381010529994575,0.8843390804597702,62.5367962962963,7.505553499465135,26.0,3,1.0,2,HIGH
167,12.0,107.0,4.0,0.7139423076923077,132.4,0.125,0.530448717948718,1.0670123985663227,0.6432038834951457,40.19126984126984,14.142135623730951,22.0,2,1.0,1,MEDIUM
168,18.736842105263158,414.1578947368421,10.157894736842104,0.12918575996641976,201.8223957939985,0.20446468677627336,0.3668251771215355,1.726689865357665,0.8120836403911276,67.88404951726376,7.901069584859718,32.0,19,0.9,1,MEDIUM
169,8.823529411764707,229.94117647058823,2.411764705882353,0.1312319940304773,110.85753533681432,0.4060541992363832,0.8615027163785105,0.3689546484607957,0.9338242669585268,111.56748657796452,9.88834727164787,43.0,17,3.412186379928315,2,HIGH
170,5.0,21.0,2.0,0.0,88.375,0.125,0.6814814814814815,0.6195338376205459,0.2976190476190476,26.818749999999998,0.0,5.0,2,1.0,0,LOW
171,1.875,3.25,1.0,0.1875,3.1875,1.0,1.0,0.0,0.375,242.54999999999998,0.3535533905932738,2.0,8,1.1428571428571428,2,HIGH
172,23.0,1138.0,11.333333333333334,0.40326367799618223,214.74354005167956,0.1686046511627907,0.5635860076068528,1.266737744043088,0.8137116606983638,27.76491402116402,21.071307505705477,43.0,3,1.0,1,MEDIUM
173,23.333333333333332,1984.3333333333333,9.333333333333334,0.4350573367657384,212.42820512820515,0.22905982905982905,0.4386792342669809,1.5139803461685906,0.8734907277817671,37.131406432748534,17.15614564327703,39.0,3,1.0,1,MEDIUM
174,25.5,256.0,10.0,0.2654863449943798,171.06428571428572,0.3157738095238095,0.24192769091197322,2.023309681993431,0.7199545637633044,47.414711257309946,10.63014581273465,39.0,4,1.6842105263157894,2,HIGH
175,35.333333333333336,835.0,17.666666666666668,0.3579610920788842,347.80976430976426,0.18249158249158248,0.2830447993771894,2.2813291953759802,0.7038688178683546,26.703495189727075,17.09775813764288,55.0,3,1.0,2,HIGH
176,25.0,780.0,14.5,0.6662971175166297,228.10714285714283,0.2142857142857143,0.24581445419197276,2.167988355626391,0.8452452452452452,28.09953542392567,24.041630560342615,42.0,2,1.0,1,MEDIUM
177,1.2222222222222223,2.4444444444444446,1.0,0.14814814814814814,5.962962962962964,1.0,1.0,0.0,0.1111111111111111,58.57314814814814,0.6666666666666666,3.0,9,0.6666666666666666,1,MEDIUM
178,19.8,684.8,9.6,0.32048340301799955,165.41362433862432,0.4064814814814815,0.41386010205655294,1.6468174436438479,0.7148296201346018,62.72578564957507,10.686440005914037,28.0,5,1.5333333333333334,2,HIGH
179,35.65625,543.46875,12.1875,0.19252680025472974,336.1336136078036,0.13240698386742633,0.4176751898863678,1.7101282564518268,0.6895238965700541,36.101072897056575,13.398626253607903,57.0,32,0.9371816638370118,2,HIGH
180,29.181818181818183,682.1818181818181,12.636363636363637,0.3636950648890222,325.9089010325792,0.23150032431955642,0.345231986932488,1.8988065048928562,0.7943338386163824,42.883272365846416,10.796464067630493,47.0,11,0.9619686800894854,1,MEDIUM
181,6.333333333333333,121.0,5.0,0.0,76.07777777777777,0.39999999999999997,0.5399554282075772,1.101321126907716,0.44155844155844154,89.25595238095237,7.571877794400365,15.0,3,1.0,1,MEDIUM
182,17.5,231.0,9.0,0.5456570155902004,163.80645161290323,0.1935483870967742,0.29415795785506255,1.8147510500116055,0.634180790960452,87.48723958333333,21.920310216782973,33.0,2,1.0,1,MEDIUM
183,25.0,3971.5,17.0,0.3698192239858907,350.9935897435897,0.27884615384615385,0.38699962314334685,1.9711434271535488,0.9031984906984907,29.962420289855075,1.4142135623730951,26.0,2,1.0,1,MEDIUM
184,11.5,87.5,5.5,0.7289009685231256,153.0909645909646,0.14603174603174604,0.38235152472863404,1.3754305652590204,0.6733152679480829,63.38138583638584,5.822370651203855,17.0,6,2.2857142857142856,2,HIGH
185,29.0,710.0,19.0,0.18309859154929578,249.67857142857142,0.17857142857142858,0.37464788732394366,2.1684187265609496,0.7079646017699115,44.516071428571436,0.0,29.0,1,1.0,1,MEDIUM
186,20.5,563.5,8.333333333333334,0.34445863548759714,289.28320370606485,0.14374223771138217,0.43716824170944907,1.4400577052371826,0.777333886726341,30.483633357383354,15.293789589241772,37.0,6,1.320754716981132,2,HIGH
187,28.90909090909091,472.27272727272725,13.181818181818182,0.033607783067774226,298.9103939943063,0.23716495369638235,0.30652918853550853,1.992047868378986,0.6104245446527513,26.97804695156299,16.783650052682493,52.0,11,1.4912280701754386,1,MEDIUM
188,30.625,685.875,9.5,0.17282451831425666,213.98814394209822,0.31999883445723026,0.25817886874533447,1.8841911392191708,0.7016325424651332,50.09042886797792,15.305811221325616,58.0,8,1.0081967213114753,2,HIGH
189,22.666666666666668,762.8333333333334,9.666666666666666,0.1555024559245032,195.12728174603174,0.3092818428184282,0.5460444587411202,1.3345432845074283,0.8366580212483464,44.77424660887323,10.726913193769523,41.0,6,0.8133333333333332,1,MEDIUM
190,41.0,2049.0,7.5,0.20527522935779816,307.1155303030303,0.2518939393939394,0.6403210530847309,1.1730219159048518,0.9509484578486702,24.404201590371805,9.899494936611665,48.0,2,1.0,2,HIGH
191,11.333333333333334,155.0,9.333333333333334,0.41781144781144786,315.57619047619045,0.046031746031746035,0.36966329966329964,1.6964919345400755,0.6016835016835017,57.85444444444443,8.082903768654761,16.0,3,1.0,1,MEDIUM
192,28.90625,541.09375,9.8125,0.28001294072651245,384.35606179214477,0.10919313245686818,0.3320799100861408,1.762294524301475,0.6606126187317017,41.70864776033121,13.310129205747186,52.0,96,0.7496847414880202,1,MEDIUM
193,3.625,32.25,2.4375,0.3113095238095238,202.2252976190476,0.17395833333333335,0.7794737082983352,0.5197907943707483,0.7149191797266488,125.51315013111888,3.862210075418822,14.0,16,0.5675675675675675,2,HIGH
194,15.25,194.625,6.375,0.2953362501061985,240.5082007372787,0.09723793363499246,0.7181480772265706,0.9487353656762303,0.7257058159781691,68.73752290883459,8.32809359080113,22.0,8,0.9365079365079365,2,HIGH
195,12.4,151.6,6.8,0.42760992275698156,119.48176406926407,0.2876623376623376,0.4626411170528818,1.365175816518402,0.8499444444444444,83.25990656565656,4.39317652729776,17.0,5,0.8095238095238095,1,MEDIUM
196,23.325,321.45,9.225,0.2924200415056363,293.79388570392484,0.13354394799027608,0.4368563587535174,1.4445069955740635,0.5269324818161699,37.52226007109978,11.239553554415053,47.0,40,0.8116504854368931,1,MEDIUM
197,31.5,812.25,11.0,0.33386610036883874,200.742524435834,0.18775433711715572,0.34742121277227844,1.82004644643145,0.7676686890665168,40.55723993406285,15.588457268119896,49.0,4,0.6363636363636364,2,HIGH
198,38.285714285714285,1356.0,13.857142857142858,0.35124122376640393,371.68269613510176,0.12457118004287815,0.5919474430235615,1.3890725157432726,0.7854693018332546,34.97237874594424,15.293945269444437,53.0,7,1.4112903225806452,2,HIGH
199,7.333333333333333,80.66666666666667,4.666666666666667,0.0,307.7261904761905,0.0,0.48518518518518516,1.1559964966786203,0.7704623878536921,222.17375,4.725815626252609,11.0,3,1.0,0,LOW
200,27.5,385.5,8.0,0.11576354679802955,450.35353535353534,0.030303030303030304,0.39737274220032837,1.5889342790902683,0.6385440878294841,22.863672438672438,21.920310216782973,43.0,2,1.0,1,MEDIUM
201,15.333333333333334,433.0,11.333333333333334,0.7678813054299436,249.48333333333335,0.15144927536231886,0.30469925178096385,1.964089364246286,0.770647099072851,45.25136363636363,11.590225767142472,23.0,3,1.0,1,MEDIUM
202,29.77777777777778,327.44444444444446,11.666666666666666,0.2855501382152611,213.25967863644254,0.3456928606820973,0.4411304221189923,1.643516908292154,0.7263154078295313,46.5221022532665,9.692494232365808,45.0,9,1.3227722772277226,2,HIGH
203,39.214285714285715,1516.7142857142858,12.5,0.2815505879404691,336.0273325984055,0.16187560731232473,0.46149193880284856,1.730172937324878,0.7609436624354434,28.898177833493897,16.784510127488982,63.0,14,0.9891304347826086,2,HIGH
204,45.31707317073171,1937.658536585366,14.853658536585366,0.2668014238725059,486.7890731351289,0.15409916797155124,0.34186962906501817,2.029780505578349,0.6856402921945103,26.307038335148135,21.03026274727713,82.0,41,0.6785165679174896,2,HIGH
205,22.586206896551722,1478.551724137931,9.89655172413793,0.12452181131678323,299.11495239147905,0.2662845289336596,0.48306022036347995,1.4615409702941433,0.7061001351198514,59.118129415857496,10.445495411144291,43.0,29,0.7554327808471455,1,MEDIUM
206,23.0,1715.0,11.6,0.28624531208352816,390.52901960784317,0.19338935574229693,0.43045744823326937,1.685291591463434,0.9232048246696218,41.20003783524904,13.546217184144066,35.0,5,1.4054054054054055,2,HIGH
207,24.0,427.0,11.6,0.2386394833718101,270.16795474121056,0.11041813483673948,0.35363660246270034,1.8534907926200304,0.6656837522552504,44.37064673311185,17.60681686165901,44.0,5,1.0724637681159421,1,MEDIUM
208,24.5,273.5,16.0,0.3862433862433862,323.8948717948718,0.1294871794871795,0.2770831485915285,2.2680575683394997,0.5468129571577848,33.835996732026146,9.192388155425117,31.0,2,1.0,1,MEDIUM
209,12.0,572.5,12.0,0.22950819672131148,357.6111111111111,0.2777777777777778,0.24559649824280816,2.086506937063968,0.9067980853551594,55.391666666666666,8.48528137423857,18.0,2,1.0,1,MEDIUM
210,2.8333333333333335,32.666666666666664,3.1666666666666665,0.0,35.0625,0.125,0.5514555619818778,0.9177077702106811,0.6483028583438419,100.58769841269843,2.7868739954771304,8.0,6,0.5454545454545455,0,LOW
211,39.25,1155.25,12.0,0.478471810985397,610.1079454926625,0.14886268343815515,0.4204927538187509,1.6000734629243878,0.7871215018513411,28.21183460884354,22.4258035902098,61.0,4,0.8045977011494253,2,HIGH
212,25.0,1264.1666666666667,13.333333333333334,0.3466599679529161,549.1488777089784,0.1788721190230478,0.5698836560278843,1.3960823218024094,0.9079826065858895,60.403920961402584,13.957077057894322,41.0,6,0.5463917525773195,1,MEDIUM
213,18.5,374.0,7.5,0.19705098074663294,267.47040229885056,0.17227011494252875,0.6644039113182796,1.1247270344892017,0.8625226856673927,65.27092081529582,11.120551545074852,31.0,4,0.9473684210526315,1,MEDIUM
214,23.0,802.0,14.0,0.04003079291762895,336.4642857142857,0.05133928571428571,0.22237155945935716,2.172613910216988,0.7873058188520274,37.192948717948724,12.727922061357855,32.0,2,1.0,1,MEDIUM
215,32.666666666666664,1438.1666666666667,10.333333333333334,0.25299080549735775,233.8975759812969,0.14868323472974634,0.4888990029517015,1.5982142555753878,0.8790892812547888,43.84009307748865,15.616230872610288,47.0,6,1.4197530864197532,2,HIGH
216,24.5,416.6,10.8,0.3306706298354462,216.39244838927124,0.2132704208660861,0.4967310019152321,1.5336110029118413,0.7897023937694216,43.25811947744251,14.144099672851416,44.0,10,1.2477064220183485,1,MEDIUM
217,24.333333333333332,504.1666666666667,11.666666666666666,0.0008888888888888888,395.3368126190707,0.17121845347651798,0.3955934175218163,1.7144404396045403,0.7279837376917776,30.853060372614667,11.395905697515518,42.0,6,0.7380952380952381,1,MEDIUM
218,27.0,1135.0,10.5,0.16043956043956045,219.4080459770115,0.22126436781609193,0.5587396029384979,1.4234128014506962,0.9497672784754545,32.46741071428571,2.8284271247461903,29.0,2,1.0,1,MEDIUM
219,38.0,1545.5,14.5,0.44620116077547506,399.57786195286195,0.1697089947089947,0.6799221441581313,1.2034195405797972,0.8942218499483208,27.449024585477417,19.235384061671343,54.0,4,0.7078651685393258,2,HIGH
220,14.0,110.0,5.333333333333333,0.19669421487603309,187.30357142857142,0.1130952380952381,0.6386899295990205,1.0057729870799286,0.8335084033613445,50.71040868454662,14.0,30.0,3,1.0,1,MEDIUM
221,42.421052631578945,937.421052631579,10.526315789473685,0.35551958879896545,369.29869216294003,0.14612279569702208,0.48539883929650046,1.484014385367422,0.6572490117352662,32.20650586447367,13.889707578210102,62.0,19,1.0605405405405406,2,HIGH
222,5.090909090909091,55.63636363636363,2.1818181818181817,0.04428904428904429,110.2474025974026,0.3140692640692641,0.8033517562050264,0.45223644431674864,0.8360484544695072,47.88290404040404,1.7002673586554233,7.0,11,1.1111111111111112,0,LOW
223,6.0,121.0,8.0,0.0,274.5,0.16666666666666666,0.3305785123966942,1.8484315213158242,0.6101694915254238,28.416666666666664,0.0,6.0,1,1.0,0,LOW
224,21.5,280.5,8.5,0.03571428571428571,215.13815789473685,0.07894736842105263,0.28143634949442575,1.699039342238863,0.47023809523809523,34.18252923976608,24.748737341529164,39.0,2,1.0,1,MEDIUM
225,27.0,1162.0,11.0,0.2727769793046289,164.20478723404256,0.38054078014184395,0.3814661471201191,1.775867334580126,0.8135923317501406,23.0883902134954,22.9128784747792,47.0,3,1.0,1,MEDIUM
226,24.916666666666668,628.9166666666666,10.083333333333334,0.2532454492408345,306.907219050107,0.10437214070581209,0.5520653361993278,1.3505264780778017,0.7709445492930569,40.4281019482339,14.342931951651204,51.0,12,1.2824427480916032,1,MEDIUM
227,25.942857142857143,350.1714285714286,8.028571428571428,0.08789113618529917,367.11927138875853,0.07744622567449269,0.5022496942899498,1.3735200816040056,0.6255180960012623,26.214106386116097,13.275237578782129,54.0,35,1.031490015360983,1,MEDIUM
228,1.5,30.0,2.5,0.0,238.75,0.0,0.8050847457627119,0.4259922675747269,0.4074074074074074,117.45833333333333,0.7071067811865476,2.0,2,1.0,0,LOW
229,25.91304347826087,521.2608695652174,11.565217391304348,0.39918649612888996,315.9432521866554,0.2093686992137452,0.45545966849063074,1.6224176462234647,0.7711166970171418,50.012426053262786,11.847182417152885,48.0,23,0.8571428571428571,1,MEDIUM
230,14.0,142.0,7.5,0.03345352564102564,151.46176470588233,0.22647058823529415,0.266025641025641,1.7223577498080114,0.6154401154401155,94.9699891067538,5.656854249492381,18.0,2,1.0,0,LOW
231,24.866666666666667,465.2,7.0,0.4378601124653081,194.49893897005978,0.17391300825010286,0.6280881599277987,1.1538064605101652,0.8303056902835373,80.71436585973888,13.902038219867856,45.0,15,1.1273006134969326,1,MEDIUM
232,1.3333333333333333,4.0,1.0,0.0,173.83333333333334,0.3333333333333333,1.0,0.0,0.0,17.461111111111112,0.5773502691896257,2.0,3,1.0,0,LOW
233,19.0,598.0,14.0,0.5018921475875118,273.7857142857143,0.13392857142857142,0.4617384616431736,1.7866630794268539,0.8187022900763359,29.237946428571423,14.142135623730951,29.0,2,1.0,1,MEDIUM
234,14.333333333333334,89.5,5.666666666666667,0.4037337171138961,101.74226884226884,0.350971250971251,0.43198249830957475,1.3966821821533852,0.553882594580269,74.22410064086266,8.406346808612328,24.0,6,1.388888888888889,2,HIGH
235,20.333333333333332,236.33333333333334,8.0,0.17857766143106457,146.6646505376344,0.3998655913978495,0.39608123115976523,1.6279481821422663,0.8206699346405228,48.621963507625274,12.662279942148386,34.0,3,1.0,1,MEDIUM
236,2.0,47.5,3.5,0.75,679.5833333333334,0.08333333333333333,0.7086206896551724,0.7897268364480261,0.7431077694235589,37.57083333333333,1.1547005383792515,3.0,4,1.0,2,HIGH
237,33.666666666666664,3035.6666666666665,15.333333333333334,0.2317547341638105,345.90382366171843,0.13045434098065675,0.27260453643048976,2.227370506540605,0.8906420385418875,23.19863721804511,26.407069760451147,57.0,3,1.0,2,HIGH
238,33.0,2125.5,15.0,0.5595728255275347,432.81311475409836,0.12295081967213115,0.359019028616953,1.8829549202255877,0.8831625727447328,17.914166666666667,39.59797974644666,61.0,2,1.0,2,HIGH
239,8.9375,215.6875,4.9375,0.29618219966876935,130.92252289173246,0.3640647546897547,0.4917962547488991,1.2452951082722914,0.8258508422383566,196.1252575607263,6.005206074732157,22.0,16,0.6067415730337079,1,MEDIUM
240,11.434782608695652,1954.2608695652175,4.565217391304348,0.01222089018553208,534.2170242321779,0.14278112402350593,0.6976541465716772,0.8091879854511302,0.9210517480850086,64.91543940039784,7.335009989188969,29.0,23,0.9966931216931216,0,LOW
241,30.666666666666668,478.6666666666667,12.666666666666666,0.4696707105719238,420.7030303030303,0.13636363636363635,0.3122142068524439,1.9073541087289874,0.6616949638226234,31.1275,28.676354952004157,61.0,3,1.0,2,HIGH
242,33.333333333333336,1372.6666666666667,12.0,0.3551157232383135,584.163265993266,0.15491582491582492,0.34558284046765736,1.905928252618053,0.805751386503954,39.78513729246488,10.408329997330664,45.0,3,1.0,2,HIGH
243,1.0,2.0,1.0,1.0,3.0,1.0,1.0,0.0,0.0,0.0,0.0,1.0,1,1.0,2,HIGH
244,9.12962962962963,258.01851851851853,5.092592592592593,0.5750636288194345,324.6945710551514,0.07864610234620405,0.6110870851085474,1.0012163536166359,0.8325649292978186,60.68860520598359,6.08755704725909,25.0,54,1.2008928571428572,1,MEDIUM
245,18.5,785.0,10.5,0.12995245641838352,249.02976190476193,0.22023809523809523,0.366039269763517,1.7923191859602738,0.8843283582089552,44.56419753086419,13.435028842544403,28.0,2,1.0,1,MEDIUM
246,34.2,663.6,12.4,0.2082202732065317,405.9872222222222,0.06333333333333332,0.28861227472701295,1.9729994461279372,0.5421329492621748,23.717501202501204,16.60421633200435,49.0,5,0.9619047619047618,2,HIGH
247,44.34615384615385,1105.8076923076924,15.038461538461538,0.2865624336707102,296.62137184486204,0.19676289833844507,0.34313652649517656,2.073458449863265,0.7023248368086408,29.994437215187627,10.884639847757237,59.0,26,0.7629969418960245,2,HIGH
248,32.142857142857146,825.0,10.571428571428571,0.3602341851156776,301.3545291823847,0.12058197574984934,0.36317698353459205,1.7320942419296121,0.7895526802380901,26.808665904326283,19.8614246839493,56.0,7,0.6800847457627118,2,HIGH
249,7.65,148.05,4.4,0.19547620846058553,116.05797511312217,0.37139218403924285,0.5492804050041312,1.0255154805832802,0.5675347298088441,95.14115852130325,9.080198235721507,39.0,20,3.135135135135135,2,HIGH
250,1.375,2.75,1.0,0.1875,5.1875,1.0,1.0,0.0,0.375,184.65416666666667,0.5175491695067657,2.0,8,0.5714285714285714,2,HIGH
251,22.2,2048.6,11.6,0.335313058184061,265.4697435897436,0.4333333333333334,0.471625989917004,1.4690022283322581,0.6688346636686141,40.299170940170946,18.15764301885022,40.0,5,0.9420289855072465,1,MEDIUM
252,19.74074074074074,1316.5925925925926,9.37037037037037,0.2400964019062888,363.0311304743535,0.10697026591146643,0.5441969419536448,1.3811197482507793,0.7399495020998207,63.6923170741398,12.138915781620545,44.0,27,1.948920265780731,2,HIGH
253,21.5,371.0,13.5,0.11224489795918367,283.02083333333337,0.21354166666666666,0.6538342609771182,1.306924469890989,0.827318628753654,29.20369318181818,17.67766952966369,34.0,2,1.0,1,MEDIUM
254,44.275862068965516,1788.9655172413793,16.06896551724138,0.17843547067532844,369.20750493973685,0.10147576541785755,0.36176530935101603,1.7730653541840222,0.7839216420523697,33.808969980341026,11.526046750494345,58.0,29,0.9902621722846443,2,HIGH
255,40.72222222222222,917.2222222222222,12.722222222222221,0.3294021998852257,157.59992897727687,0.3836565307801436,0.3079486162009654,1.972070554145961,0.7769861174314502,35.09015520918711,13.389221106175869,75.0,18,1.0823863636363635,2,HIGH
256,16.0,194.0,8.0,0.29896907216494845,432.0,0.1,0.32989690721649484,1.6565656395859394,0.8020833333333334,80.96666666666665,0.0,16.0,1,1.0,1,MEDIUM
257,21.5,315.8125,8.625,0.27745229235560176,261.1870414326178,0.15744281851080788,0.4561557262452807,1.5095701722059898,0.7268057541483506,59.15963513857233,12.149074038789953,50.0,16,1.072289156626506,1,MEDIUM
258,18.692307692307693,278.46153846153845,7.769230769230769,0.0100866617003477,197.28918507171014,0.1553849160872572,0.41335854766244995,1.432414500511034,0.6666538702439729,51.183615500750946,12.03733508287594,46.0,13,1.2050919377652052,1,MEDIUM
259,36.84615384615385,1149.2307692307693,14.538461538461538,0.2398188775429507,280.8480756746674,0.14646048673037862,0.3472792676739639,1.8983971748028212,0.5996021903255764,32.54215339600212,12.831251912460672,47.0,13,0.9676190476190476,2,HIGH
260,29.166666666666668,2266.2083333333335,12.875,0.06392276497475524,334.67166311346915,0.18741204922037327,0.34492303803955654,1.8334481172775963,0.7342108051145164,27.756047866045748,14.977277475553096,56.0,24,1.173913043478261,1,MEDIUM
261,12.0,137.0,6.666666666666667,0.1659056316590563,266.1333333333334,0.05555555555555555,0.3374518757274599,1.6572648038275324,0.6907397417916353,77.63377192982456,7.0,20.0,3,1.0,1,MEDIUM
262,26.571428571428573,627.2857142857143,10.857142857142858,0.011129006088078331,311.3588521859473,0.12808566331785123,0.373817314673325,1.8128591632782478,0.520757952106963,22.061071588208705,16.7777979930176,56.0,14,1.0217391304347827,1,MEDIUM
263,32.93333333333333,3272.733333333333,12.466666666666667,0.18347462716509277,285.94408800166696,0.26879014747435803,0.35775475583553856,1.8608706825059829,0.8939175228426914,38.53338296803387,11.176932026446682,46.0,15,1.0043478260869567,2,HIGH
264,31.333333333333332,8639.666666666666,12.666666666666666,0.41544093413380706,442.46653171390017,0.09914529914529914,0.5854319328113218,1.5119980736693688,0.9215524495310543,32.80905105105105,6.110100926607786,38.0,3,1.0,2,HIGH
265,24.0,1029.4,10.2,0.4128512023169181,250.68892403422348,0.1539600725952813,0.2725160933872491,1.8745039332146713,0.8726167175643447,48.25954177083487,11.335784048754634,38.0,5,0.9659863945578232,1,MEDIUM
266,18.166666666666668,419.6666666666667,9.333333333333334,0.4478028939171336,212.19147673314342,0.07578347578347579,0.42925141563304753,1.456805806670082,0.7771660398175474,39.41027562775512,13.227496613746181,32.0,6,0.4729729729729729,1,MEDIUM
267,31.347826086956523,1541.2608695652175,14.304347826086957,0.19845427370582663,769.2752952937516,0.041315954301697703,0.34816348328500407,1.7599859515159806,0.7132292382339883,58.88421027419782,14.332444743727981,56.0,23,1.2431917211328978,2,HIGH
268,28.714285714285715,167.57142857142858,2.857142857142857,0.19305220984362453,33.62157396510159,0.8935409270091015,0.6888174183306531,0.7131346107584758,0.90549280640894,56.56176085314196,20.047562492850894,60.0,7,1.894736842105263,2,HIGH
269,55.25,3127.84375,14.28125,0.25625546167404295,551.8573042043093,0.20765604890362152,0.4022352566944407,1.8152519388115527,0.8003284970791839,25.65767533783377,12.551828038049845,72.0,32,1.1072705601907031,2,HIGH
270,34.1,5755.3,13.6,0.3667100481976039,744.9671650759985,0.08313146997929606,0.39787005162577416,1.6321635669167822,0.7862848447420284,35.08168904572494,13.411852138231236,46.0,10,0.9710982658959537,2,HIGH
271,19.4,572.8,10.2,0.34167035005083807,183.40309020002985,0.3420250534905707,0.5244023112696754,1.4765201442491174,0.8955699421154378,74.92526908318878,4.835057163858332,30.0,10,0.7798165137614679,1,MEDIUM
272,3.0,43.5,3.0,0.0,166.6,0.6,0.47891566265060237,0.9258972647806691,0.34210526315789475,83.02291666666667,2.8284271247461903,5.0,2,1.0,1,MEDIUM
273,28.75,2740.9166666666665,15.666666666666666,0.4725470233918341,523.3954394110261,0.11235908490917255,0.396373913936813,1.9009227365271337,0.8483606949196756,39.463882465898884,15.445652521605615,49.0,12,0.6273584905660378,1,MEDIUM
274,20.666666666666668,365.0,11.0,0.2716190476190476,146.97150997150996,0.29914529914529914,0.2717257255149665,1.9641540875047836,0.6097917392482484,36.649139051332035,17.55942292142123,39.0,3,1.0,1,MEDIUM
275,15.666666666666666,10678.666666666666,10.666666666666666,0.10369485913614274,805.5518518518519,0.14074074074074075,0.8574677520547884,0.6480336456215774,0.9610968773266763,71.97042397660819,8.386497083606084,21.0,3,1.0,1,MEDIUM
276,16.333333333333332,510.9166666666667,6.833333333333333,0.36317249833012805,175.15287131450927,0.27570725889691405,0.42114646673106076,1.5049039960673365,0.8377233365594076,74.28142745500384,8.63747999164459,31.0,12,1.2022471910112358,1,MEDIUM
277,27.0,859.6666666666666,10.666666666666666,0.2617498981432978,236.7063492063492,0.2857142857142857,0.36833750579494423,1.808990561889323,0.827682309978193,30.381213704994195,13.74772708486752,42.0,3,1.0,1,MEDIUM
278,12.0,279.5,9.5,0.2621359223300971,453.947619047619,0.10476190476190475,0.33924919093851136,1.655172972413097,0.7713286713286713,80.92126984126985,5.656854249492381,16.0,2,1.0,1,MEDIUM
279,28.066666666666666,396.6666666666667,8.933333333333334,0.2825763919292721,206.72152165051665,0.22868817106458636,0.3848772032324857,1.6746561158127986,0.7911571273418772,47.68445851995492,15.28989706901104,53.0,15,0.6285714285714286,1,MEDIUM
280,27.0,1623.5,9.8,0.07014948439232863,324.84393006270153,0.23333807078801358,0.3737579737270352,1.7380030888973885,0.8218198239091856,38.91594557649548,9.706813185707357,38.0,10,1.4770642201834863,1,MEDIUM
281,18.266666666666666,319.3333333333333,8.4,0.19398745964453393,183.19360683235658,0.2217154722737798,0.46832623128493733,1.4884723449270658,0.8158839349093577,81.12102337277828,11.106411704613734,40.0,15,0.7233333333333334,1,MEDIUM
282,23.0,392.0,11.0,0.6363636363636364,394.44642857142856,0.1845238095238095,0.39508840216387386,1.797543865833692,0.5805585392051558,26.07858187134503,22.627416997969522,39.0,2,1.0,1,MEDIUM
283,25.0,622.4666666666667,9.733333333333333,0.20708091889557761,301.4820312781604,0.1813098769890625,0.38458252419474,1.6248011928022736,0.7398892509010798,44.05698167195807,8.85599070847364,39.0,15,0.8519736842105263,1,MEDIUM
284,20.16,238.96,10.04,0.2768857173524324,276.9900363268303,0.20022206684896143,0.46255682910725676,1.5603810026498117,0.5656990854326734,46.36173896484188,13.50826907243609,49.0,25,0.9013574660633484,1,MEDIUM
285,36.0,1341.875,14.25,0.07723567996376951,284.6859367144294,0.13125576085134907,0.3624980788680574,1.9402406702056367,0.7498793963831374,30.377053839811175,18.75404718225604,56.0,8,1.4406779661016949,2,HIGH
286,5.0,55.0,6.5,0.463855421686747,167.5952380952381,0.3333333333333333,0.5604640785363677,1.272089635217489,0.7194444444444444,153.3347222222222,2.8284271247461903,7.0,2,1.0,1,MEDIUM
287,24.333333333333332,613.6666666666666,11.0,0.31290509259259264,247.96355512489234,0.22114556416881995,0.32254147566033614,1.8580909314822716,0.8479805597452655,30.310681216931215,17.243356208503418,43.0,3,1.0,1,MEDIUM
288,1.0,2.0,1.0,0.0,5.0,1.0,1.0,0.0,0.0,0.0,0.0,1.0,3,1.0,0,LOW
289,21.181818181818183,416.8181818181818,10.909090909090908,0.24539509737121773,188.15045527941308,0.2253079136036282,0.390532167480363,1.6865155247669745,0.5091882530379034,69.50486190116774,9.96813103664054,33.0,11,1.1479591836734693,1,MEDIUM
290,36.943820224719104,1348.2022471910113,14.370786516853933,0.05702051896000187,289.7298868949671,0.2113904763330968,0.3277527939124476,1.9586882616018595,0.698886475398142,31.626891701961945,15.397283962499978,67.0,89,0.8762783544790466,1,MEDIUM
291,32.666666666666664,450.6666666666667,13.0,0.12250511542964375,312.15591397849465,0.17413381123058544,0.43814000464943864,1.6242633160305822,0.7163947890092589,37.520429026311376,8.736894948054104,40.0,3,1.0,1,MEDIUM
